{"nm":"newScene","mn":"","layers":[{"ty":4,"nm":"surface2193","mn":"","sr":1,"st":0,"op":80,"ip":0,"hd":false,"cl":"","ln":"","ddd":0,"bm":0,"tt":0,"hasMask":false,"td":0,"ao":0,"ks":{"a":{"a":0,"k":[21.09,21.09],"ix":1},"s":{"a":0,"k":[133.33,133.33],"ix":6},"sk":{"a":0,"k":0},"p":{"a":0,"k":[28.5,28.5],"ix":2},"sa":{"a":0,"k":0},"o":{"a":0,"k":100,"ix":11},"r":{"a":1,"k":[{"o":{"x":0.17,"y":0},"i":{"x":0.83,"y":1},"s":[0],"t":0},{"o":{"x":0.6,"y":0},"i":{"x":0.53,"y":1},"s":[-10],"t":11},{"o":{"x":0.17,"y":0},"i":{"x":0.83,"y":1},"s":[365],"t":65},{"o":{"x":0.17,"y":0},"i":{"x":0.83,"y":1},"s":[358],"t":77},{"o":{"x":0.167,"y":0.167},"i":{"x":0.833,"y":0.833},"s":[360],"t":85}],"ix":10}},"ef":[],"shapes":[{"ty":"gr","bm":0,"cl":"","ln":"","hd":false,"mn":"","nm":"surface2193","np":0,"it":[{"ty":"gr","bm":0,"cl":"","ln":"","hd":false,"mn":"","nm":"","np":0,"it":[{"ty":"sh","bm":0,"cl":"","ln":"","hd":false,"mn":"","nm":"","d":1,"ks":{"a":0,"k":{"c":true,"i":[[0,0],[-0.13,0.84],[0,0],[0,4.13],[0,0],[4.77,0],[1.75,-1.43],[0,-0.62],[-1.26,0],[-0.4,0.29],[-1.43,0],[0,-1.46],[0,0],[2.88,-0.36],[-0.17,-1.07],[0,0],[-0.96,0]],"o":[[0.96,0],[0,0],[3.61,-0.71],[0,0],[0,-4.32],[-2.91,0],[-0.59,0.49],[0,1.23],[0.56,0],[1.19,-0.88],[1.92,0],[0,0],[0,1.59],[-1.06,0.13],[0,0],[0.13,0.88],[0,0]],"v":[[20.84,25.26],[22.63,23.67],[22.73,23.08],[29.25,16.55],[29.25,16.48],[21.24,9.75],[14.36,12.09],[13.5,13.85],[15.82,16.12],[17.3,15.6],[21.14,14.3],[24.19,16.61],[24.19,16.68],[19.98,19.5],[18.46,21.46],[18.79,23.67],[20.58,25.26]]}}},{"ty":"sh","bm":0,"cl":"","ln":"","hd":false,"mn":"","nm":"","d":1,"ks":{"a":0,"k":{"c":true,"i":[[0,0],[0,0],[-1.66,0],[0,1.56],[0,0],[1.65,0],[0,-1.56]],"o":[[0,0],[0,1.56],[1.65,0],[0,0],[0,-1.56],[-1.66,0],[0,0]],"v":[[17.7,30.17],[17.7,30.23],[20.58,33],[23.46,30.23],[23.46,30.17],[20.58,27.41],[17.7,30.17]]}}},{"ty":"fl","bm":0,"cl":"","ln":"","hd":false,"mn":"","nm":"","c":{"a":0,"k":[1,1,1]},"r":2,"o":{"a":0,"k":100}},{"ty":"tr","a":{"a":0,"k":[0,0]},"s":{"a":0,"k":[100,100]},"sk":{"a":0,"k":0},"p":{"a":0,"k":[0,0]},"r":{"a":0,"k":0},"sa":{"a":0,"k":0},"o":{"a":0,"k":100}}]},{"ty":"gr","bm":0,"cl":"","ln":"","hd":false,"mn":"","nm":"","np":0,"it":[{"ty":"sh","bm":0,"cl":"","ln":"","hd":false,"mn":"","nm":"","d":1,"ks":{"a":0,"k":{"c":false,"i":[[0,0],[11.6,0],[0,11.6],[-11.6,0],[0,-11.6]],"o":[[0,11.6],[-11.6,0],[0,-11.6],[11.6,0],[0,0]],"v":[[42.18,21.18],[21.18,42.18],[0.18,21.18],[21.18,0.18],[42.18,21.18]]}}},{"ty":"fl","bm":0,"cl":"","ln":"","hd":false,"mn":"","nm":"","c":{"a":0,"k":[0,0.6549,1]},"r":2,"o":{"a":0,"k":100}},{"ty":"tr","a":{"a":0,"k":[0,0]},"s":{"a":0,"k":[100,100]},"sk":{"a":0,"k":0},"p":{"a":0,"k":[0,0]},"r":{"a":0,"k":0},"sa":{"a":0,"k":0},"o":{"a":0,"k":100}}]},{"ty":"tr","a":{"a":0,"k":[0,0]},"s":{"a":0,"k":[100,100]},"sk":{"a":0,"k":0},"p":{"a":0,"k":[0,0]},"r":{"a":0,"k":0},"sa":{"a":0,"k":0},"o":{"a":0,"k":100}}]}],"ind":0}],"ddd":0,"h":57,"w":57,"meta":{"a":"","k":"","d":"","g":"LF SVG to Lottie","tc":"#ffffff"},"v":"5.6.6","fr":60,"op":80,"ip":0,"assets":[]}